{"cameraMode":{"drawMode":0,"name":"Shaded","section":"Shading Mode"},"sceneLighting":true,"audioPlay":false,"sceneViewState":{"showFog":true,"showMaterialUpdate":false,"showSkybox":true,"showFlares":true,"showImageEffects":true,"showParticleSystems":true},"in2DMode":false,"pivot":{"x":-7.9662299156188969,"y":6.327940940856934,"z":-13.614609718322754},"rotation":{"x":-0.14825594425201417,"y":-0.00830967165529728,"z":0.001245780847966671,"w":-0.988914430141449},"size":10.0,"orthographic":false}