{"cameraMode":{"drawMode":0,"name":"Shaded","section":"Shading Mode"},"sceneLighting":false,"audioPlay":false,"sceneViewState":{"showFog":true,"showMaterialUpdate":false,"showSkybox":false,"showFlares":true,"showImageEffects":true,"showParticleSystems":true},"in2DMode":false,"pivot":{"x":-2.979302406311035,"y":0.8309774398803711,"z":2.3616275787353517},"rotation":{"x":0.07989251613616944,"y":0.8853037357330322,"z":-0.1654907613992691,"w":0.42725881934165957},"size":6.172402858734131,"orthographic":false}