{"cameraMode":{"drawMode":0,"name":"Shaded","section":"Shading Mode"},"sceneLighting":true,"audioPlay":false,"sceneViewState":{"showFog":true,"showMaterialUpdate":false,"showSkybox":true,"showFlares":true,"showImageEffects":true,"showParticleSystems":true},"in2DMode":false,"pivot":{"x":-2.271146297454834,"y":7.753324031829834,"z":-7.932660102844238},"rotation":{"x":-0.39672374725341799,"y":-0.03860389441251755,"z":0.01665673404932022,"w":-0.9170181155204773},"size":4.286826133728027,"orthographic":false}